id,item_group_id,title,description,link,image_link,price,sale_price,availability,availability_date,brand,color,size,product_type,shipping_weight,stock_qty
kurta-001-blue-s,kurta-001,"Handloom Cotton Kurta - Blue, S","Breathable handloom cotton kurta, pre-washed and hand-finished in Ahmedabad.",/m/patel-textiles/p/kurta-001,/demo/patel-textiles/kurta-001.svg,39.00 USD,,in_stock,,Patel Textiles,Blue,S,Apparel > Kurtas,350 g,6
kurta-001-blue-m,kurta-001,"Handloom Cotton Kurta - Blue, M","Breathable handloom cotton kurta, pre-washed and hand-finished in Ahmedabad.",/m/patel-textiles/p/kurta-001,/demo/patel-textiles/kurta-001.svg,39.00 USD,,out_of_stock,2026-10-20,Patel Textiles,Blue,M,Apparel > Kurtas,350 g,0
kurta-001-blue-l,kurta-001,"Handloom Cotton Kurta - Blue, L","Breathable handloom cotton kurta, pre-washed and hand-finished in Ahmedabad.",/m/patel-textiles/p/kurta-001,/demo/patel-textiles/kurta-001.svg,39.00 USD,,in_stock,,Patel Textiles,Blue,L,Apparel > Kurtas,380 g,4
kurta-001-indigo-s,kurta-001,"Handloom Cotton Kurta - Indigo, S","Breathable handloom cotton kurta, pre-washed and hand-finished in Ahmedabad.",/m/patel-textiles/p/kurta-001,/demo/patel-textiles/kurta-001.svg,39.00 USD,,in_stock,,Patel Textiles,Indigo,S,Apparel > Kurtas,350 g,5
kurta-001-indigo-m,kurta-001,"Handloom Cotton Kurta - Indigo, M","Breathable handloom cotton kurta, pre-washed and hand-finished in Ahmedabad.",/m/patel-textiles/p/kurta-001,/demo/patel-textiles/kurta-001.svg,39.00 USD,,in_stock,,Patel Textiles,Indigo,M,Apparel > Kurtas,350 g,12
kurta-001-indigo-l,kurta-001,"Handloom Cotton Kurta - Indigo, L","Breathable handloom cotton kurta, pre-washed and hand-finished in Ahmedabad.",/m/patel-textiles/p/kurta-001,/demo/patel-textiles/kurta-001.svg,39.00 USD,,in_stock,,Patel Textiles,Indigo,L,Apparel > Kurtas,380 g,8
kurta-002-maroon-m,kurta-002,"Block-Print Kurta - Maroon, M","Hand block-printed kurta in natural dyes, dabu mud-resist technique from Rajasthan.",/m/patel-textiles/p/kurta-002,/demo/patel-textiles/kurta-002.svg,44.00 USD,,in_stock,,Patel Textiles,Maroon,M,Apparel > Kurtas,370 g,2
kurta-002-maroon-l,kurta-002,"Block-Print Kurta - Maroon, L","Hand block-printed kurta in natural dyes, dabu mud-resist technique from Rajasthan.",/m/patel-textiles/p/kurta-002,/demo/patel-textiles/kurta-002.svg,44.00 USD,,in_stock,,Patel Textiles,Maroon,L,Apparel > Kurtas,390 g,7
kurta-002-ochre-m,kurta-002,"Block-Print Kurta - Ochre, M","Hand block-printed kurta in natural dyes, dabu mud-resist technique from Rajasthan.",/m/patel-textiles/p/kurta-002,/demo/patel-textiles/kurta-002.svg,44.00 USD,,in_stock,,Patel Textiles,Ochre,M,Apparel > Kurtas,370 g,9
stole-001-rust,stole-001,"Tussar Silk Stole - Rust","Lightweight tussar silk stole with hand-knotted tassels, woven in Bhagalpur.",/m/patel-textiles/p/stole-001,/demo/patel-textiles/stole-001.svg,29.00 USD,24.00 USD,in_stock,,Patel Textiles,Rust,,Apparel > Stoles,120 g,15
stole-001-teal,stole-001,"Tussar Silk Stole - Teal","Lightweight tussar silk stole with hand-knotted tassels, woven in Bhagalpur.",/m/patel-textiles/p/stole-001,/demo/patel-textiles/stole-001.svg,29.00 USD,24.00 USD,in_stock,,Patel Textiles,Teal,,Apparel > Stoles,120 g,11
dupatta-001-ivory,dupatta-001,"Chanderi Dupatta - Ivory","Sheer Chanderi silk-cotton dupatta with a gold zari border, woven in Madhya Pradesh.",/m/patel-textiles/p/dupatta-001,/demo/patel-textiles/dupatta-001.svg,34.00 USD,,in_stock,,Patel Textiles,Ivory,,Apparel > Dupattas,150 g,10
shirt-001-white-m,shirt-001,"Khadi Shirt - White, M","Hand-spun khadi cotton shirt with a mandarin collar and coconut-shell buttons.",/m/patel-textiles/p/shirt-001,/demo/patel-textiles/shirt-001.svg,49.00 USD,,in_stock,,Patel Textiles,White,M,Apparel > Shirts,300 g,6
shirt-001-white-l,shirt-001,"Khadi Shirt - White, L","Hand-spun khadi cotton shirt with a mandarin collar and coconut-shell buttons.",/m/patel-textiles/p/shirt-001,/demo/patel-textiles/shirt-001.svg,49.00 USD,,in_stock,,Patel Textiles,White,L,Apparel > Shirts,320 g,6
shirt-001-sky-m,shirt-001,"Khadi Shirt - Sky Blue, M","Hand-spun khadi cotton shirt with a mandarin collar and coconut-shell buttons.",/m/patel-textiles/p/shirt-001,/demo/patel-textiles/shirt-001.svg,49.00 USD,,backorder,2026-11-05,Patel Textiles,Sky Blue,M,Apparel > Shirts,300 g,0
